resource_id,title_ru,subject_name,topic_name,difficulty_level,content_type,estimated_minutes,language,grade_min,grade_max,quality_score,popularity_score,exam_focus,interactivity_score
RES_1000,Конспект: Grammar Rules,Английский язык,Grammar Rules,3,summary,43,ru,7,8,3.6,5.1,0,0.31
RES_1001,Краткий обзор Таблица Менделеева,Химия,Таблица Менделеева,4,summary,6,ru,8,10,3.8,3.7,0,0.55
RES_1002,Шпаргалка по Логарифмы,Математика,Логарифмы,2,article,5,ru,9,11,5.0,5.2,1,0.74
RES_1003,Практические задачи: Тригонометрия,Математика,Тригонометрия,4,practice,13,ru,8,10,3.8,3.2,1,0.69
RES_1004,Флэш-карточки: Listening Practice,Английский язык,Listening Practice,4,flashcards,10,ru,8,10,4.4,1.3,1,0.56
RES_1005,Флэш-карточки: Электричество,Физика,Электричество,4,flashcards,44,en,7,9,4.6,5.9,0,0.97
RES_1006,Конспект: Анатомия человека,Биология,Анатомия человека,5,summary,5,ru,9,10,4.1,4.6,0,0.21
RES_1007,Шпаргалка по Органическая химия,Химия,Органическая химия,1,article,12,ru,9,10,3.7,8.8,1,0.46
RES_1008,Запоминаем Listening Practice,Английский язык,Listening Practice,5,flashcards,31,ru,9,11,4.1,9.7,1,0.78
RES_1009,Флэш-карточки: Listening Practice,Английский язык,Listening Practice,3,flashcards,19,ru,7,10,4.2,2.8,1,0.58
RES_1010,Упражнения по Средние века,История,Средние века,5,practice,19,en,9,12,3.8,1.7,0,0.33
RES_1011,Краткий обзор Термодинамика,Физика,Термодинамика,1,summary,32,en,7,9,3.8,9.0,0,0.85
RES_1012,Флэш-карточки: Клеточное деление,Биология,Клеточное деление,1,flashcards,17,en,7,10,3.5,5.6,0,0.38
RES_1013,Сборник задач Таблица Менделеева,Химия,Таблица Менделеева,3,practice,16,ru,8,9,4.2,3.7,0,0.23
RES_1014,Проверь себя: Тригонометрия,Математика,Тригонометрия,5,quiz,23,ru,7,8,4.3,5.0,0,0.67
RES_1015,Статья: Все о Listening Practice,Английский язык,Listening Practice,5,article,8,ru,8,10,3.6,8.5,0,0.35
RES_1016,Сборник задач Древний мир,История,Древний мир,4,practice,7,en,9,11,4.0,1.9,1,0.52
RES_1017,Интенсив по Vocabulary,Английский язык,Vocabulary,4,video,27,ru,7,8,4.5,3.1,0,0.99
RES_1018,Разбор темы Анатомия человека,Биология,Анатомия человека,1,video,41,en,8,9,3.8,3.5,1,0.88
RES_1019,Запоминаем Анатомия человека,Биология,Анатомия человека,1,flashcards,12,en,9,10,4.5,6.2,0,0.95
RES_1020,Проверь себя: Производные,Математика,Производные,2,quiz,39,ru,8,10,3.8,7.4,0,0.46
RES_1021,Статья: Все о Анатомия человека,Биология,Анатомия человека,1,article,8,ru,9,12,3.9,9.8,0,0.91
RES_1022,Тест: Кислоты и основания,Химия,Кислоты и основания,1,quiz,9,ru,9,10,4.2,6.1,1,0.23
RES_1023,Флэш-карточки: Анатомия человека,Биология,Анатомия человека,5,flashcards,41,kz,8,11,4.1,9.7,1,0.88
RES_1024,Краткий обзор Tenses,Английский язык,Tenses,1,summary,29,ru,9,11,4.8,9.4,0,0.37
RES_1025,Квиз по теме Vocabulary,Английский язык,Vocabulary,3,quiz,30,en,8,10,4.5,7.3,0,0.43
RES_1026,Теория: Vocabulary,Английский язык,Vocabulary,1,article,9,ru,7,9,4.7,6.8,1,0.84
RES_1027,Упражнения по Зоология,Биология,Зоология,2,practice,26,ru,9,12,3.7,9.8,1,0.89
RES_1028,Проверь себя: Геометрия,Математика,Геометрия,3,quiz,12,en,7,8,3.8,6.6,0,0.24
RES_1029,Шпаргалка по Генетика,Биология,Генетика,4,article,14,en,7,9,3.6,4.6,0,0.8
RES_1030,Тест: Кинематика,Физика,Кинематика,1,quiz,5,ru,7,8,3.9,1.8,0,0.95
RES_1031,Краткий обзор Производные,Математика,Производные,5,summary,16,ru,9,12,3.7,2.1,0,0.27
RES_1032,Запоминаем Tenses,Английский язык,Tenses,4,flashcards,30,ru,7,9,4.2,2.6,0,0.52
RES_1033,Упражнения по Кинематика,Физика,Кинематика,4,practice,23,ru,9,11,4.8,6.9,0,0.26
RES_1034,Интенсив по Vocabulary,Английский язык,Vocabulary,4,video,37,ru,8,11,4.3,9.5,0,0.97
RES_1035,Практические задачи: Оптика,Физика,Оптика,5,practice,6,ru,9,11,4.4,4.0,1,0.51
RES_1036,Запоминаем Термодинамика,Физика,Термодинамика,3,flashcards,8,ru,7,10,4.0,9.4,0,0.53
RES_1037,Упражнения по История Казахстана,История,История Казахстана,5,practice,39,ru,7,10,4.1,8.0,0,0.94
RES_1038,Интенсив по Средние века,История,Средние века,5,video,39,ru,9,10,4.9,5.5,1,0.46
RES_1039,Видео-урок: Кислоты и основания,Химия,Кислоты и основания,1,video,11,kz,9,10,4.5,5.3,0,0.27
RES_1040,Практические задачи: Древний мир,История,Древний мир,4,practice,40,kz,9,10,4.7,2.0,1,0.98
RES_1041,Тест: Базы данных,Информатика,Базы данных,3,quiz,15,ru,9,10,3.7,7.9,1,0.28
RES_1042,Краткий обзор Vocabulary,Английский язык,Vocabulary,2,summary,31,en,7,9,3.6,1.8,1,0.5
RES_1043,Интенсив по Геометрия,Математика,Геометрия,1,video,35,ru,7,9,4.1,7.3,0,0.46
RES_1044,Конспект: Базы данных,Информатика,Базы данных,2,summary,24,ru,8,10,3.7,6.8,1,0.67
RES_1045,Практические задачи: Алгоритмы,Информатика,Алгоритмы,1,practice,10,en,7,9,5.0,6.0,0,0.23
RES_1046,Практические задачи: Древний мир,История,Древний мир,4,practice,24,ru,9,12,3.7,3.0,0,1.0
RES_1047,Шпаргалка по Python основы,Информатика,Python основы,1,article,10,ru,9,11,3.7,4.0,0,0.72
RES_1048,Тест: Электричество,Физика,Электричество,1,quiz,21,ru,9,11,4.1,6.4,0,0.31
RES_1049,Запоминаем Органическая химия,Химия,Органическая химия,3,flashcards,29,ru,7,10,4.9,8.8,0,0.22
RES_1050,Квиз по теме Квадратные уравнения,Математика,Квадратные уравнения,1,quiz,30,ru,9,10,5.0,8.6,1,0.57
RES_1051,Видео-урок: Кислоты и основания,Химия,Кислоты и основания,4,video,35,en,7,8,4.9,6.3,1,0.81
RES_1052,Краткий обзор Органическая химия,Химия,Органическая химия,1,summary,17,ru,8,9,4.8,7.8,0,0.41
RES_1053,Проверь себя: Vocabulary,Английский язык,Vocabulary,3,quiz,16,en,9,11,5.0,1.8,1,0.67
RES_1054,Конспект: Listening Practice,Английский язык,Listening Practice,2,summary,43,ru,9,12,3.5,4.2,0,0.51
RES_1055,Тест: Кислоты и основания,Химия,Кислоты и основания,1,quiz,21,kz,9,11,3.7,9.3,0,0.41
RES_1056,Флэш-карточки: Вторая мировая война,История,Вторая мировая война,2,flashcards,15,ru,7,9,3.7,2.2,0,0.31
RES_1057,Практические задачи: Анатомия человека,Биология,Анатомия человека,3,practice,33,kz,9,12,4.4,3.0,1,0.48
RES_1058,Флэш-карточки: Кинематика,Физика,Кинематика,1,flashcards,16,ru,7,8,4.0,5.5,1,0.23
RES_1059,Флэш-карточки: Квадратные уравнения,Математика,Квадратные уравнения,3,flashcards,21,ru,9,10,4.7,7.7,0,0.37
RES_1060,Запоминаем Grammar Rules,Английский язык,Grammar Rules,2,flashcards,28,en,9,11,3.6,2.3,0,0.75
RES_1061,Шпаргалка по Vocabulary,Английский язык,Vocabulary,4,article,12,ru,7,9,4.1,1.9,1,0.35
RES_1062,Интенсив по Tenses,Английский язык,Tenses,2,video,21,ru,8,9,4.2,4.2,1,0.58
RES_1063,Запоминаем Зоология,Биология,Зоология,1,flashcards,41,ru,9,11,4.5,6.1,0,0.99
RES_1064,Видео-урок: История Казахстана,История,История Казахстана,5,video,8,en,8,10,3.6,8.3,0,0.87
RES_1065,Краткий обзор Кислоты и основания,Химия,Кислоты и основания,2,summary,10,kz,9,12,4.2,7.5,1,0.77
RES_1066,Квиз по теме Химические связи,Химия,Химические связи,5,quiz,30,ru,7,9,4.1,5.6,0,0.29
RES_1067,Флэш-карточки: Кинематика,Физика,Кинематика,4,flashcards,7,ru,7,10,4.0,2.2,0,0.99
RES_1068,Тест: Средние века,История,Средние века,5,quiz,13,ru,7,8,4.2,4.7,0,0.94
RES_1069,Упражнения по Сетевые технологии,Информатика,Сетевые технологии,5,practice,38,ru,9,10,3.6,7.7,0,0.87
RES_1070,Краткий обзор Органическая химия,Химия,Органическая химия,4,summary,25,ru,8,11,3.9,6.7,1,0.45
RES_1071,Квиз по теме Законы Ньютона,Физика,Законы Ньютона,3,quiz,37,en,7,9,4.3,3.1,1,0.51
RES_1072,Шпаргалка по Алгоритмы,Информатика,Алгоритмы,3,article,5,ru,8,10,4.0,2.3,1,0.7
RES_1073,Статья: Все о Генетика,Биология,Генетика,1,article,7,en,7,8,3.7,2.8,1,0.6
RES_1074,Запоминаем Законы Ньютона,Физика,Законы Ньютона,5,flashcards,40,ru,9,12,4.4,5.5,0,0.59
RES_1075,Краткий обзор Анатомия человека,Биология,Анатомия человека,3,summary,40,ru,9,12,3.9,4.1,0,0.93
RES_1076,Проверь себя: Python основы,Информатика,Python основы,3,quiz,44,ru,8,9,4.4,1.2,1,0.95
RES_1077,Практические задачи: Анатомия человека,Биология,Анатомия человека,5,practice,32,ru,9,11,3.6,1.7,0,0.87
RES_1078,Разбор темы Кислоты и основания,Химия,Кислоты и основания,5,video,40,ru,7,9,4.9,8.8,0,0.67
RES_1079,Видео-урок: Древний мир,История,Древний мир,1,video,30,ru,8,9,4.1,5.8,1,0.48
RES_1080,Квиз по теме Оптика,Физика,Оптика,1,quiz,28,ru,9,12,3.7,1.3,0,0.82
RES_1081,Проверь себя: Таблица Менделеева,Химия,Таблица Менделеева,5,quiz,21,kz,7,10,3.7,4.7,0,1.0
RES_1082,Краткий обзор Квадратные уравнения,Математика,Квадратные уравнения,3,summary,36,ru,9,12,4.4,4.4,1,0.67
RES_1083,Проверь себя: Логарифмы,Математика,Логарифмы,4,quiz,34,ru,7,9,3.7,2.6,1,0.96
RES_1084,Теория: Термодинамика,Физика,Термодинамика,2,article,9,ru,7,10,4.6,6.9,0,0.38
RES_1085,Краткий обзор Listening Practice,Английский язык,Listening Practice,1,summary,7,en,9,10,4.3,7.5,1,0.99
RES_1086,Практические задачи: Базы данных,Информатика,Базы данных,5,practice,22,ru,8,11,3.6,2.9,0,0.35
RES_1087,Упражнения по Клеточное деление,Биология,Клеточное деление,2,practice,9,ru,7,10,3.9,4.4,0,0.41
RES_1088,Запоминаем История Казахстана,История,История Казахстана,1,flashcards,39,kz,8,9,4.6,2.3,1,0.59
RES_1089,Разбор темы Базы данных,Информатика,Базы данных,3,video,13,ru,7,9,4.5,3.3,0,0.87
RES_1090,Тест: Генетика,Биология,Генетика,5,quiz,41,ru,8,11,4.9,2.1,0,0.42
RES_1091,Разбор темы Производные,Математика,Производные,2,video,26,ru,9,10,4.9,8.9,0,0.68
RES_1092,Тест: Производные,Математика,Производные,1,quiz,32,en,8,9,4.1,4.2,1,0.35
RES_1093,Теория: Средние века,История,Средние века,5,article,10,ru,7,10,4.9,7.5,1,0.96
RES_1094,Запоминаем Listening Practice,Английский язык,Listening Practice,5,flashcards,40,ru,7,9,3.7,8.6,1,0.96
RES_1095,Разбор темы Таблица Менделеева,Химия,Таблица Менделеева,2,video,13,ru,7,8,4.1,7.3,0,0.57
RES_1096,Тест: Кислоты и основания,Химия,Кислоты и основания,4,quiz,42,ru,9,11,4.0,1.8,1,0.31
RES_1097,Интенсив по Законы Ньютона,Физика,Законы Ньютона,4,video,12,ru,8,11,4.6,7.5,1,0.98
RES_1098,Сборник задач Законы Ньютона,Физика,Законы Ньютона,3,practice,30,ru,8,9,4.6,9.3,0,0.65
RES_1099,Интенсив по Кинематика,Физика,Кинематика,2,video,33,ru,9,12,4.8,8.6,0,0.86
RES_1100,Практические задачи: Логарифмы,Математика,Логарифмы,2,practice,44,ru,9,10,4.1,6.2,1,0.63
RES_1101,Краткий обзор Алгоритмы,Информатика,Алгоритмы,1,summary,6,ru,7,9,4.8,1.2,1,0.62
RES_1102,Запоминаем Кислоты и основания,Химия,Кислоты и основания,5,flashcards,33,ru,8,9,4.2,6.2,0,0.52
RES_1103,Практические задачи: Алгоритмы,Информатика,Алгоритмы,1,practice,7,ru,8,9,3.9,8.7,1,0.67
RES_1104,Флэш-карточки: Производные,Математика,Производные,1,flashcards,28,ru,9,10,4.9,8.2,0,0.67
RES_1105,Запоминаем Grammar Rules,Английский язык,Grammar Rules,3,flashcards,38,ru,8,9,5.0,3.1,1,0.72
RES_1106,Краткий обзор Древний мир,История,Древний мир,2,summary,30,ru,9,11,4.9,8.4,1,0.7
RES_1107,Интенсив по Tenses,Английский язык,Tenses,4,video,39,en,8,9,4.5,2.4,1,0.38
RES_1108,Видео-урок: Древний мир,История,Древний мир,4,video,38,ru,8,9,4.1,3.5,0,0.24
RES_1109,Тест: Электричество,Физика,Электричество,1,quiz,38,ru,7,10,4.1,3.3,1,0.6
RES_1110,Практические задачи: Алгоритмы,Информатика,Алгоритмы,4,practice,21,ru,7,8,4.8,5.6,1,0.66
RES_1111,Конспект: Оптика,Физика,Оптика,1,summary,20,ru,8,11,4.8,8.8,1,0.87
RES_1112,Квиз по теме Производные,Математика,Производные,3,quiz,9,en,8,11,4.8,1.3,1,0.3
RES_1113,Флэш-карточки: Органическая химия,Химия,Органическая химия,2,flashcards,17,ru,8,10,3.5,3.6,1,0.98
RES_1114,Практические задачи: Тригонометрия,Математика,Тригонометрия,3,practice,34,ru,8,11,4.1,8.6,0,0.34
RES_1115,Запоминаем История Казахстана,История,История Казахстана,4,flashcards,21,en,8,11,4.6,5.3,0,0.26
RES_1116,Запоминаем Термодинамика,Физика,Термодинамика,5,flashcards,16,ru,9,12,3.5,3.9,0,0.82
RES_1117,Проверь себя: Термодинамика,Физика,Термодинамика,2,quiz,39,ru,7,8,3.7,8.2,1,0.38
RES_1118,Флэш-карточки: Электричество,Физика,Электричество,3,flashcards,32,en,9,10,4.9,8.7,1,0.81
RES_1119,Статья: Все о Древний мир,История,Древний мир,2,article,4,ru,8,11,3.5,6.9,0,0.89
RES_1120,Упражнения по Химические связи,Химия,Химические связи,1,practice,12,en,7,8,4.8,7.8,1,0.3
RES_1121,Упражнения по Средние века,История,Средние века,3,practice,29,ru,8,11,4.4,6.5,0,0.65
RES_1122,Запоминаем Геометрия,Математика,Геометрия,5,flashcards,28,ru,7,9,5.0,2.3,0,0.74
RES_1123,Конспект: Оптика,Физика,Оптика,1,summary,12,en,8,9,4.6,2.3,0,0.66
RES_1124,Запоминаем Grammar Rules,Английский язык,Grammar Rules,4,flashcards,44,ru,7,9,4.0,5.7,0,0.48
RES_1125,Упражнения по Производные,Математика,Производные,2,practice,30,ru,8,11,4.7,2.8,0,0.28
RES_1126,Шпаргалка по Органическая химия,Химия,Органическая химия,1,article,9,ru,8,9,3.9,9.4,1,0.7
RES_1127,Шпаргалка по Генетика,Биология,Генетика,3,article,8,ru,8,10,4.5,5.7,1,0.27
RES_1128,Практические задачи: Сетевые технологии,Информатика,Сетевые технологии,1,practice,23,kz,7,10,4.0,2.6,1,0.73
RES_1129,Проверь себя: Химические связи,Химия,Химические связи,2,quiz,41,kz,9,11,5.0,6.9,0,0.74
RES_1130,Интенсив по Вторая мировая война,История,Вторая мировая война,4,video,25,en,7,9,4.6,4.8,0,0.5
RES_1131,Тест: Анатомия человека,Биология,Анатомия человека,3,quiz,38,ru,7,9,4.8,9.1,0,0.42
RES_1132,Флэш-карточки: Таблица Менделеева,Химия,Таблица Менделеева,4,flashcards,22,ru,9,10,4.6,2.2,1,0.93
RES_1133,Упражнения по Vocabulary,Английский язык,Vocabulary,2,practice,9,ru,9,10,4.2,1.9,0,0.67
RES_1134,Упражнения по Tenses,Английский язык,Tenses,1,practice,32,ru,9,10,4.5,3.9,1,0.3
RES_1135,Теория: Древний мир,История,Древний мир,3,article,12,ru,8,10,4.5,2.3,0,0.67
RES_1136,Разбор темы Клеточное деление,Биология,Клеточное деление,4,video,41,ru,7,10,4.3,8.0,1,0.56
RES_1137,Запоминаем Listening Practice,Английский язык,Listening Practice,3,flashcards,18,ru,7,9,4.3,9.4,0,0.3
RES_1138,Конспект: Алгоритмы,Информатика,Алгоритмы,5,summary,18,ru,7,8,4.1,5.3,1,0.21
RES_1139,Конспект: Тригонометрия,Математика,Тригонометрия,3,summary,42,ru,8,11,3.5,3.8,1,0.36
RES_1140,Тест: Grammar Rules,Английский язык,Grammar Rules,1,quiz,36,ru,9,10,4.9,3.3,1,0.98
RES_1141,Запоминаем Таблица Менделеева,Химия,Таблица Менделеева,2,flashcards,12,en,7,9,4.7,2.0,1,0.93
RES_1142,Флэш-карточки: Логарифмы,Математика,Логарифмы,5,flashcards,32,ru,7,9,4.4,3.9,1,0.99
RES_1143,Конспект: История Казахстана,История,История Казахстана,1,summary,42,ru,9,11,4.5,8.3,1,0.84
RES_1144,Статья: Все о Органическая химия,Химия,Органическая химия,1,article,3,ru,7,10,4.1,7.3,0,0.56
RES_1145,Теория: Квадратные уравнения,Математика,Квадратные уравнения,2,article,10,ru,9,12,4.4,5.2,0,0.89
RES_1146,Конспект: Электричество,Физика,Электричество,2,summary,38,ru,7,8,3.9,5.3,0,0.64
RES_1147,Сборник задач Python основы,Информатика,Python основы,3,practice,27,ru,7,8,4.8,1.6,1,0.72
RES_1148,Практические задачи: Кислоты и основания,Химия,Кислоты и основания,5,practice,38,ru,8,11,4.4,5.7,1,0.94
RES_1149,Проверь себя: Зоология,Биология,Зоология,2,quiz,17,ru,8,9,3.7,2.6,1,0.35
RES_1150,Разбор темы Древний мир,История,Древний мир,5,video,11,en,8,10,4.1,5.7,0,0.2
RES_1151,Краткий обзор Python основы,Информатика,Python основы,4,summary,13,ru,7,9,3.8,4.2,1,0.82
RES_1152,Статья: Все о Тригонометрия,Математика,Тригонометрия,4,article,6,ru,8,11,4.5,1.9,1,0.56
RES_1153,Интенсив по Кинематика,Физика,Кинематика,4,video,25,ru,8,9,3.5,6.8,1,0.64
RES_1154,Флэш-карточки: Законы Ньютона,Физика,Законы Ньютона,5,flashcards,29,kz,7,9,3.7,7.3,0,0.54
RES_1155,Интенсив по Tenses,Английский язык,Tenses,4,video,8,en,8,11,4.4,3.5,0,0.27
RES_1156,Статья: Все о Геометрия,Математика,Геометрия,1,article,11,ru,9,11,4.2,8.5,1,0.26
RES_1157,Запоминаем Средние века,История,Средние века,2,flashcards,7,ru,9,11,3.6,4.4,0,1.0
RES_1158,Упражнения по Vocabulary,Английский язык,Vocabulary,4,practice,17,ru,8,9,4.6,2.5,0,0.54
RES_1159,Практические задачи: Grammar Rules,Английский язык,Grammar Rules,4,practice,27,ru,9,11,3.7,9.9,1,0.63
RES_1160,Упражнения по Производные,Математика,Производные,2,practice,20,ru,9,10,3.7,1.6,0,0.38
RES_1161,Видео-урок: Вторая мировая война,История,Вторая мировая война,2,video,13,ru,9,10,4.7,3.5,1,0.9
RES_1162,Флэш-карточки: Базы данных,Информатика,Базы данных,4,flashcards,16,kz,7,9,3.7,8.4,0,0.9
RES_1163,Флэш-карточки: Python основы,Информатика,Python основы,4,flashcards,19,ru,8,9,3.8,7.3,0,0.98
RES_1164,Тест: Законы Ньютона,Физика,Законы Ньютона,5,quiz,40,ru,8,9,3.7,9.1,1,0.45
RES_1165,Флэш-карточки: Органическая химия,Химия,Органическая химия,5,flashcards,12,ru,7,9,4.3,3.1,0,0.82
RES_1166,Запоминаем Клеточное деление,Биология,Клеточное деление,2,flashcards,10,ru,7,10,3.5,6.4,0,0.51
RES_1167,Проверь себя: Древний мир,История,Древний мир,1,quiz,15,en,8,10,4.4,3.7,0,0.34
RES_1168,Упражнения по История Казахстана,История,История Казахстана,3,practice,8,ru,9,10,3.8,3.1,0,0.34
RES_1169,Флэш-карточки: Анатомия человека,Биология,Анатомия человека,2,flashcards,39,ru,9,10,4.1,8.4,1,0.82
RES_1170,Проверь себя: Базы данных,Информатика,Базы данных,3,quiz,42,ru,7,9,4.6,2.2,0,0.37
RES_1171,Тест: Вторая мировая война,История,Вторая мировая война,5,quiz,41,kz,7,9,4.2,2.0,0,0.56
RES_1172,Краткий обзор Анатомия человека,Биология,Анатомия человека,4,summary,44,en,8,10,4.4,8.7,0,0.96
RES_1173,Видео-урок: Квадратные уравнения,Математика,Квадратные уравнения,1,video,33,ru,7,9,4.9,3.3,1,0.86
RES_1174,Теория: Vocabulary,Английский язык,Vocabulary,1,article,14,ru,9,10,4.8,2.0,1,0.55
RES_1175,Интенсив по Средние века,История,Средние века,3,video,28,ru,7,8,3.6,5.6,0,0.57
RES_1176,Сборник задач Зоология,Биология,Зоология,3,practice,32,ru,9,12,4.1,5.9,1,0.25
RES_1177,Интенсив по Электричество,Физика,Электричество,1,video,19,ru,7,9,3.7,6.5,1,0.72
RES_1178,Тест: Термодинамика,Физика,Термодинамика,4,quiz,17,ru,9,11,4.6,8.3,1,0.3
RES_1179,Квиз по теме Tenses,Английский язык,Tenses,1,quiz,18,ru,7,10,4.4,9.5,0,0.3
RES_1180,Видео-урок: Таблица Менделеева,Химия,Таблица Менделеева,3,video,43,en,8,10,4.9,3.3,1,0.57
RES_1181,Флэш-карточки: Сетевые технологии,Информатика,Сетевые технологии,4,flashcards,26,kz,9,11,4.9,1.4,0,0.31
RES_1182,Теория: Grammar Rules,Английский язык,Grammar Rules,3,article,8,ru,9,10,4.4,5.6,0,0.65
RES_1183,Сборник задач Вторая мировая война,История,Вторая мировая война,1,practice,12,ru,7,10,3.5,3.2,1,0.99
RES_1184,Проверь себя: Химические связи,Химия,Химические связи,3,quiz,25,en,7,9,4.4,2.7,0,0.83
RES_1185,Запоминаем Анатомия человека,Биология,Анатомия человека,2,flashcards,16,en,8,10,3.8,9.6,0,0.46
RES_1186,Запоминаем Кислоты и основания,Химия,Кислоты и основания,3,flashcards,8,ru,7,9,4.5,8.0,0,0.31
RES_1187,Запоминаем Алгоритмы,Информатика,Алгоритмы,5,flashcards,8,ru,8,10,4.1,4.6,1,0.61
RES_1188,Краткий обзор Химические связи,Химия,Химические связи,2,summary,28,ru,9,11,4.7,3.4,1,0.6
RES_1189,Запоминаем Базы данных,Информатика,Базы данных,5,flashcards,42,ru,8,10,4.7,5.7,0,0.3
RES_1190,Квиз по теме Квадратные уравнения,Математика,Квадратные уравнения,4,quiz,32,en,7,10,5.0,9.4,1,0.54
RES_1191,Шпаргалка по Анатомия человека,Биология,Анатомия человека,4,article,11,kz,9,12,3.8,6.1,1,0.33
RES_1192,Запоминаем Органическая химия,Химия,Органическая химия,5,flashcards,23,ru,8,9,4.1,8.9,1,0.35
RES_1193,Тест: Производные,Математика,Производные,4,quiz,8,ru,8,10,4.9,9.2,1,0.21
RES_1194,Практические задачи: Геометрия,Математика,Геометрия,4,practice,34,ru,7,8,3.6,1.3,0,0.42
RES_1195,Проверь себя: Сетевые технологии,Информатика,Сетевые технологии,2,quiz,10,ru,7,8,4.2,1.3,0,0.93
RES_1196,Упражнения по Производные,Математика,Производные,1,practice,10,en,9,12,3.5,7.0,1,0.65
RES_1197,Проверь себя: Tenses,Английский язык,Tenses,4,quiz,41,kz,8,9,3.9,6.9,0,0.65
RES_1198,Видео-урок: Кислоты и основания,Химия,Кислоты и основания,4,video,37,ru,7,8,3.8,3.3,1,0.65
RES_1199,Краткий обзор Производные,Математика,Производные,4,summary,43,en,8,11,4.3,1.7,0,0.59
RES_1200,Проверь себя: История Казахстана,История,История Казахстана,1,quiz,38,en,8,10,4.2,7.7,0,0.83
RES_1201,Теория: Сетевые технологии,Информатика,Сетевые технологии,3,article,3,ru,9,12,3.9,2.5,0,0.81
RES_1202,Конспект: Базы данных,Информатика,Базы данных,4,summary,44,kz,8,11,4.7,1.2,0,0.57
RES_1203,Квиз по теме Клеточное деление,Биология,Клеточное деление,4,quiz,23,ru,9,10,3.8,2.7,0,0.49
RES_1204,Конспект: Геометрия,Математика,Геометрия,1,summary,44,ru,9,12,4.2,6.0,0,0.69
RES_1205,Теория: Древний мир,История,Древний мир,3,article,14,ru,8,9,3.8,9.0,1,0.32
RES_1206,Запоминаем Генетика,Биология,Генетика,3,flashcards,20,kz,7,10,4.2,2.1,1,0.46
RES_1207,Квиз по теме Генетика,Биология,Генетика,3,quiz,9,ru,9,12,4.3,7.5,1,0.26
RES_1208,Краткий обзор Древний мир,История,Древний мир,5,summary,10,en,7,9,4.0,5.2,1,0.57
RES_1209,Проверь себя: Средние века,История,Средние века,3,quiz,25,ru,8,10,3.6,7.5,0,0.92
RES_1210,Проверь себя: Кислоты и основания,Химия,Кислоты и основания,3,quiz,26,en,7,10,4.7,8.6,0,0.22
RES_1211,Проверь себя: Средние века,История,Средние века,3,quiz,10,en,9,12,3.8,8.5,0,0.71
RES_1212,Интенсив по Генетика,Биология,Генетика,5,video,18,kz,9,10,3.8,8.3,0,0.92
RES_1213,Флэш-карточки: Органическая химия,Химия,Органическая химия,3,flashcards,31,ru,9,12,4.1,3.0,0,0.3
RES_1214,Флэш-карточки: Таблица Менделеева,Химия,Таблица Менделеева,4,flashcards,44,en,7,8,4.9,3.5,1,0.43
RES_1215,Квиз по теме Кислоты и основания,Химия,Кислоты и основания,1,quiz,18,en,7,10,4.0,8.5,0,0.9
RES_1216,Флэш-карточки: Сетевые технологии,Информатика,Сетевые технологии,5,flashcards,13,ru,7,9,4.2,3.7,0,0.44
RES_1217,Флэш-карточки: Таблица Менделеева,Химия,Таблица Менделеева,4,flashcards,26,en,9,11,3.8,1.7,0,0.84
RES_1218,Шпаргалка по Сетевые технологии,Информатика,Сетевые технологии,2,article,7,ru,7,10,4.7,6.4,0,0.28
RES_1219,Сборник задач История Казахстана,История,История Казахстана,1,practice,12,ru,8,9,4.1,3.9,0,0.82
RES_1220,Тест: Логарифмы,Математика,Логарифмы,5,quiz,24,en,9,11,4.5,7.1,0,0.39
RES_1221,Теория: Клеточное деление,Биология,Клеточное деление,4,article,13,en,8,10,4.3,6.7,0,0.4
RES_1222,Упражнения по Производные,Математика,Производные,2,practice,5,ru,9,12,4.2,6.6,0,0.56
RES_1223,Видео-урок: Анатомия человека,Биология,Анатомия человека,5,video,12,ru,8,9,3.7,4.0,1,0.66
RES_1224,Теория: Python основы,Информатика,Python основы,1,article,3,ru,7,8,3.7,4.1,0,0.9
RES_1225,Теория: Средние века,История,Средние века,3,article,3,ru,9,10,4.6,8.9,1,0.41
RES_1226,Видео-урок: Средние века,История,Средние века,2,video,9,ru,9,11,4.5,1.5,0,0.25
RES_1227,Проверь себя: Grammar Rules,Английский язык,Grammar Rules,2,quiz,40,ru,8,9,3.7,4.8,1,0.26
RES_1228,Интенсив по Оптика,Физика,Оптика,2,video,14,ru,9,10,4.4,1.1,1,0.93
RES_1229,Теория: Геометрия,Математика,Геометрия,3,article,8,en,7,9,5.0,8.4,1,0.63
RES_1230,Конспект: Органическая химия,Химия,Органическая химия,2,summary,35,ru,7,8,4.7,1.6,0,0.88
RES_1231,Конспект: Зоология,Биология,Зоология,1,summary,34,ru,7,9,4.7,8.4,1,0.93
RES_1232,Теория: Listening Practice,Английский язык,Listening Practice,3,article,6,ru,7,9,4.3,5.6,0,0.72
RES_1233,Видео-урок: Средние века,История,Средние века,4,video,14,ru,9,10,4.5,4.1,0,0.53
RES_1234,Запоминаем Квадратные уравнения,Математика,Квадратные уравнения,5,flashcards,5,ru,8,10,3.8,9.7,0,0.98
RES_1235,Краткий обзор Кислоты и основания,Химия,Кислоты и основания,2,summary,31,ru,9,11,3.5,7.8,0,0.43
RES_1236,Конспект: Вторая мировая война,История,Вторая мировая война,2,summary,27,ru,7,10,5.0,5.9,0,0.69
RES_1237,Видео-урок: Сетевые технологии,Информатика,Сетевые технологии,4,video,17,ru,7,8,4.6,8.5,0,0.44
RES_1238,Тест: Древний мир,История,Древний мир,5,quiz,25,kz,8,11,4.3,4.1,0,0.31
RES_1239,Квиз по теме Органическая химия,Химия,Органическая химия,4,quiz,21,en,9,10,4.0,3.9,1,0.57
RES_1240,Практические задачи: Tenses,Английский язык,Tenses,1,practice,23,ru,7,9,4.4,6.4,0,0.57
RES_1241,Флэш-карточки: Алгоритмы,Информатика,Алгоритмы,4,flashcards,24,ru,7,8,3.6,9.7,1,0.61
RES_1242,Упражнения по Анатомия человека,Биология,Анатомия человека,2,practice,37,ru,8,11,4.2,6.5,1,0.49
RES_1243,Краткий обзор Логарифмы,Математика,Логарифмы,3,summary,8,en,8,11,4.2,10.0,0,0.2
RES_1244,Интенсив по Квадратные уравнения,Математика,Квадратные уравнения,3,video,17,kz,9,10,3.8,7.6,1,0.94
RES_1245,Теория: Базы данных,Информатика,Базы данных,2,article,7,ru,8,10,4.7,3.5,0,0.97
RES_1246,Теория: Listening Practice,Английский язык,Listening Practice,2,article,9,ru,7,10,4.0,6.7,0,0.2
RES_1247,Интенсив по Средние века,История,Средние века,1,video,44,ru,9,11,4.6,3.5,1,0.22
RES_1248,Теория: Кислоты и основания,Химия,Кислоты и основания,4,article,4,ru,7,8,3.7,8.8,1,0.29
RES_1249,Упражнения по Термодинамика,Физика,Термодинамика,4,practice,30,ru,8,10,3.9,3.1,0,0.84
RES_1250,Флэш-карточки: Сетевые технологии,Информатика,Сетевые технологии,3,flashcards,43,ru,8,9,3.8,6.8,1,0.68
RES_1251,Видео-урок: Древний мир,История,Древний мир,1,video,36,ru,9,12,4.4,6.6,0,0.75
RES_1252,Упражнения по Python основы,Информатика,Python основы,4,practice,26,ru,7,10,3.7,9.3,1,0.52
RES_1253,Проверь себя: Vocabulary,Английский язык,Vocabulary,2,quiz,16,ru,9,12,3.7,2.7,1,0.77
RES_1254,Интенсив по Python основы,Информатика,Python основы,2,video,9,kz,7,9,3.6,9.4,1,0.3
RES_1255,Проверь себя: Логарифмы,Математика,Логарифмы,3,quiz,10,ru,7,10,4.9,1.8,1,0.6
RES_1256,Статья: Все о Геометрия,Математика,Геометрия,2,article,7,en,9,12,4.5,9.7,1,0.96
RES_1257,Флэш-карточки: Tenses,Английский язык,Tenses,5,flashcards,16,kz,9,12,3.7,5.5,0,0.89
RES_1258,Проверь себя: Кислоты и основания,Химия,Кислоты и основания,3,quiz,17,ru,7,10,4.7,8.7,0,0.73
RES_1259,Флэш-карточки: Таблица Менделеева,Химия,Таблица Менделеева,4,flashcards,38,ru,7,10,4.9,2.1,1,0.98
RES_1260,Упражнения по Клеточное деление,Биология,Клеточное деление,1,practice,39,ru,7,10,4.7,8.0,0,0.28
RES_1261,Краткий обзор Кинематика,Физика,Кинематика,2,summary,40,kz,8,9,3.5,7.6,0,0.92
RES_1262,Конспект: Анатомия человека,Биология,Анатомия человека,1,summary,42,en,8,10,4.2,3.4,0,0.31
RES_1263,Флэш-карточки: Зоология,Биология,Зоология,2,flashcards,34,ru,9,12,3.8,4.9,0,0.47
RES_1264,Практические задачи: Vocabulary,Английский язык,Vocabulary,4,practice,40,ru,9,10,4.8,7.1,0,0.86
RES_1265,Краткий обзор Tenses,Английский язык,Tenses,3,summary,33,ru,9,10,4.2,7.7,0,0.25
RES_1266,Краткий обзор Законы Ньютона,Физика,Законы Ньютона,4,summary,19,ru,8,11,4.7,2.8,1,0.7
RES_1267,Разбор темы Тригонометрия,Математика,Тригонометрия,3,video,15,kz,7,10,4.3,9.2,0,0.71
RES_1268,Упражнения по Квадратные уравнения,Математика,Квадратные уравнения,4,practice,35,en,7,10,3.6,2.3,0,0.7
RES_1269,Флэш-карточки: Химические связи,Химия,Химические связи,2,flashcards,38,ru,8,11,4.3,7.1,0,0.42
RES_1270,Проверь себя: Python основы,Информатика,Python основы,2,quiz,35,ru,8,9,3.7,5.0,0,0.24
RES_1271,Статья: Все о Квадратные уравнения,Математика,Квадратные уравнения,2,article,14,ru,9,12,3.7,6.7,0,0.53
RES_1272,Флэш-карточки: Таблица Менделеева,Химия,Таблица Менделеева,4,flashcards,29,kz,9,10,3.8,2.9,0,0.21
RES_1273,Конспект: Зоология,Биология,Зоология,5,summary,20,kz,8,9,4.6,2.5,0,0.77
RES_1274,Интенсив по Vocabulary,Английский язык,Vocabulary,1,video,26,en,9,11,4.4,8.5,1,0.5
RES_1275,Статья: Все о Генетика,Биология,Генетика,2,article,10,en,8,11,3.9,3.2,0,0.92
RES_1276,Практические задачи: Вторая мировая война,История,Вторая мировая война,3,practice,5,ru,8,11,4.6,4.3,0,0.8
RES_1277,Интенсив по Кислоты и основания,Химия,Кислоты и основания,3,video,21,en,8,10,3.9,6.1,0,0.73
RES_1278,Проверь себя: Законы Ньютона,Физика,Законы Ньютона,5,quiz,15,en,9,11,3.8,9.6,0,0.74
RES_1279,Практические задачи: Производные,Математика,Производные,3,practice,39,ru,9,10,4.8,2.3,0,0.92
RES_1280,Краткий обзор Кинематика,Физика,Кинематика,4,summary,24,ru,9,11,3.8,6.3,0,0.47
RES_1281,Упражнения по Vocabulary,Английский язык,Vocabulary,1,practice,19,en,9,11,4.2,1.9,1,0.24
RES_1282,Краткий обзор Генетика,Биология,Генетика,2,summary,27,ru,9,11,3.9,9.4,0,0.64
RES_1283,Конспект: Квадратные уравнения,Математика,Квадратные уравнения,4,summary,41,en,8,10,3.8,2.8,0,0.55
RES_1284,Упражнения по Таблица Менделеева,Химия,Таблица Менделеева,3,practice,9,en,9,12,4.4,9.1,1,0.4
RES_1285,Разбор темы Таблица Менделеева,Химия,Таблица Менделеева,3,video,40,kz,9,11,4.6,4.5,0,0.73
RES_1286,Проверь себя: Кислоты и основания,Химия,Кислоты и основания,3,quiz,13,ru,8,11,4.4,5.3,0,0.96
RES_1287,Статья: Все о Tenses,Английский язык,Tenses,5,article,3,en,8,9,3.8,9.8,0,0.33
RES_1288,Теория: Grammar Rules,Английский язык,Grammar Rules,1,article,12,en,9,12,4.8,3.5,1,0.36
RES_1289,Запоминаем Вторая мировая война,История,Вторая мировая война,4,flashcards,21,en,7,10,4.6,6.1,1,0.6
RES_1290,Упражнения по Таблица Менделеева,Химия,Таблица Менделеева,1,practice,39,ru,9,12,4.6,9.7,0,0.39
RES_1291,Теория: Органическая химия,Химия,Органическая химия,1,article,10,ru,7,8,4.3,7.5,1,0.34
RES_1292,Шпаргалка по Базы данных,Информатика,Базы данных,3,article,6,ru,8,9,4.4,3.8,1,0.6
RES_1293,Теория: Vocabulary,Английский язык,Vocabulary,3,article,6,ru,9,11,3.6,5.9,0,0.45
RES_1294,Разбор темы Химические связи,Химия,Химические связи,1,video,32,ru,7,8,3.6,8.1,0,0.55
RES_1295,Конспект: Таблица Менделеева,Химия,Таблица Менделеева,2,summary,43,kz,8,11,4.5,7.0,1,0.36
RES_1296,Флэш-карточки: Химические связи,Химия,Химические связи,4,flashcards,14,kz,7,9,3.5,5.1,1,0.28
RES_1297,Упражнения по Кинематика,Физика,Кинематика,1,practice,30,ru,7,9,3.8,5.7,0,0.68
RES_1298,Теория: Законы Ньютона,Физика,Законы Ньютона,4,article,8,ru,8,10,4.4,2.5,1,0.25
RES_1299,Сборник задач Геометрия,Математика,Геометрия,4,practice,6,ru,9,12,3.5,9.7,0,0.74
RES_1300,Шпаргалка по Квадратные уравнения,Математика,Квадратные уравнения,4,article,6,kz,8,9,3.7,2.4,1,0.79
RES_1301,Запоминаем Древний мир,История,Древний мир,2,flashcards,32,ru,8,9,4.1,9.4,0,0.95
RES_1302,Видео-урок: Электричество,Физика,Электричество,2,video,21,ru,8,10,4.6,3.9,1,0.27
RES_1303,Практические задачи: Геометрия,Математика,Геометрия,3,practice,30,kz,7,10,3.8,5.9,1,0.76
RES_1304,Видео-урок: Средние века,История,Средние века,4,video,37,ru,9,12,3.9,3.2,0,0.57
RES_1305,Тест: Таблица Менделеева,Химия,Таблица Менделеева,3,quiz,14,en,8,10,4.1,5.4,0,0.83
RES_1306,Флэш-карточки: Таблица Менделеева,Химия,Таблица Менделеева,3,flashcards,21,kz,8,11,4.4,5.8,0,0.49
RES_1307,Разбор темы Алгоритмы,Информатика,Алгоритмы,3,video,42,ru,7,9,4.2,6.8,1,0.25
RES_1308,Тест: Оптика,Физика,Оптика,5,quiz,28,kz,8,11,3.7,7.9,0,0.72
RES_1309,Конспект: Производные,Математика,Производные,1,summary,11,en,8,9,4.7,5.0,1,0.21
RES_1310,Теория: Анатомия человека,Биология,Анатомия человека,1,article,12,en,7,8,4.7,3.8,1,0.96
RES_1311,Тест: Генетика,Биология,Генетика,2,quiz,20,en,8,11,3.7,4.5,0,0.6
RES_1312,Флэш-карточки: Алгоритмы,Информатика,Алгоритмы,2,flashcards,16,en,9,10,4.6,5.0,1,0.33
RES_1313,Краткий обзор Древний мир,История,Древний мир,4,summary,21,en,9,12,4.8,5.8,1,0.44
RES_1314,Флэш-карточки: Алгоритмы,Информатика,Алгоритмы,3,flashcards,18,ru,8,11,4.5,6.2,0,0.37
RES_1315,Флэш-карточки: Таблица Менделеева,Химия,Таблица Менделеева,3,flashcards,32,ru,8,11,5.0,4.7,1,0.9
RES_1316,Тест: Таблица Менделеева,Химия,Таблица Менделеева,5,quiz,17,en,8,10,4.4,5.8,0,0.68
RES_1317,Тест: История Казахстана,История,История Казахстана,5,quiz,7,ru,7,9,4.3,4.8,0,0.83
RES_1318,Конспект: Логарифмы,Математика,Логарифмы,5,summary,36,en,7,10,4.8,7.6,1,0.8
RES_1319,Запоминаем История Казахстана,История,История Казахстана,1,flashcards,11,ru,9,12,3.8,8.7,1,0.57
RES_1320,Флэш-карточки: Вторая мировая война,История,Вторая мировая война,2,flashcards,36,ru,9,11,4.2,2.6,1,0.88
RES_1321,Видео-урок: Клеточное деление,Биология,Клеточное деление,2,video,19,ru,8,9,4.9,1.4,0,0.26
RES_1322,Шпаргалка по Сетевые технологии,Информатика,Сетевые технологии,4,article,12,ru,9,12,4.9,4.4,1,0.87
RES_1323,Упражнения по Геометрия,Математика,Геометрия,5,practice,40,en,9,10,4.4,8.0,1,0.84
RES_1324,Интенсив по Электричество,Физика,Электричество,5,video,11,ru,9,10,4.0,4.5,0,0.41
RES_1325,Краткий обзор Listening Practice,Английский язык,Listening Practice,2,summary,26,en,8,9,4.0,4.7,1,0.51
RES_1326,Конспект: Органическая химия,Химия,Органическая химия,2,summary,16,en,8,10,4.6,6.0,0,0.31
RES_1327,Проверь себя: Таблица Менделеева,Химия,Таблица Менделеева,1,quiz,7,kz,8,10,4.5,3.9,0,0.35
RES_1328,Шпаргалка по Кинематика,Физика,Кинематика,2,article,6,ru,9,10,5.0,8.1,1,0.8
RES_1329,Видео-урок: Геометрия,Математика,Геометрия,5,video,19,ru,7,10,3.6,7.0,0,0.92
RES_1330,Конспект: Химические связи,Химия,Химические связи,5,summary,6,en,8,10,4.7,7.4,1,0.86
RES_1331,Конспект: Зоология,Биология,Зоология,3,summary,7,kz,7,9,3.9,1.4,0,0.3
RES_1332,Статья: Все о Зоология,Биология,Зоология,3,article,14,ru,8,11,3.8,1.1,1,0.7
RES_1333,Теория: Анатомия человека,Биология,Анатомия человека,3,article,7,ru,9,10,4.1,1.6,1,0.79
RES_1334,Конспект: Термодинамика,Физика,Термодинамика,1,summary,28,ru,9,12,4.1,6.6,1,0.58
RES_1335,Проверь себя: Средние века,История,Средние века,1,quiz,29,ru,8,10,4.9,8.5,0,0.89
RES_1336,Краткий обзор Listening Practice,Английский язык,Listening Practice,5,summary,29,ru,9,10,3.9,2.4,1,0.68
RES_1337,Упражнения по Grammar Rules,Английский язык,Grammar Rules,2,practice,33,kz,9,10,3.6,7.2,0,0.34
RES_1338,Запоминаем Grammar Rules,Английский язык,Grammar Rules,3,flashcards,17,ru,8,10,4.4,3.5,1,0.67
RES_1339,Теория: Анатомия человека,Биология,Анатомия человека,4,article,3,ru,7,9,4.8,8.9,1,0.37
RES_1340,Статья: Все о Древний мир,История,Древний мир,1,article,6,ru,9,12,4.5,6.4,1,0.95
RES_1341,Запоминаем Вторая мировая война,История,Вторая мировая война,4,flashcards,16,en,9,10,4.8,9.4,0,0.51
RES_1342,Проверь себя: Электричество,Физика,Электричество,3,quiz,28,ru,8,10,3.8,2.3,1,0.81
RES_1343,Теория: Анатомия человека,Биология,Анатомия человека,5,article,9,ru,8,10,4.0,3.7,1,0.34
RES_1344,Проверь себя: Зоология,Биология,Зоология,2,quiz,15,ru,9,12,4.7,2.2,0,0.6
RES_1345,Теория: Сетевые технологии,Информатика,Сетевые технологии,1,article,12,en,7,10,3.6,4.8,0,0.78
RES_1346,Практические задачи: Оптика,Физика,Оптика,2,practice,43,ru,9,12,4.6,9.5,0,0.62
RES_1347,Интенсив по Средние века,История,Средние века,4,video,11,ru,8,11,4.7,2.1,1,0.53
RES_1348,Конспект: Сетевые технологии,Информатика,Сетевые технологии,1,summary,10,ru,7,8,4.4,5.4,1,0.38
RES_1349,Видео-урок: Grammar Rules,Английский язык,Grammar Rules,3,video,42,en,8,11,3.7,8.7,0,0.53
RES_1350,Краткий обзор Сетевые технологии,Информатика,Сетевые технологии,1,summary,36,en,8,10,4.1,1.8,0,0.88
RES_1351,Запоминаем Tenses,Английский язык,Tenses,1,flashcards,35,ru,9,10,4.8,3.2,0,0.2
RES_1352,Тест: Vocabulary,Английский язык,Vocabulary,4,quiz,40,ru,7,8,4.0,1.8,0,0.94
RES_1353,Запоминаем Древний мир,История,Древний мир,3,flashcards,17,ru,8,11,4.2,7.8,0,0.59
RES_1354,Флэш-карточки: Законы Ньютона,Физика,Законы Ньютона,5,flashcards,34,ru,8,9,4.5,7.9,0,0.72
RES_1355,Разбор темы Химические связи,Химия,Химические связи,4,video,27,ru,9,10,3.9,8.7,1,1.0
RES_1356,Теория: Зоология,Биология,Зоология,1,article,11,ru,9,10,3.9,2.6,0,0.84
RES_1357,Шпаргалка по Базы данных,Информатика,Базы данных,3,article,3,ru,9,10,4.5,6.1,1,0.51
RES_1358,Краткий обзор Кинематика,Физика,Кинематика,3,summary,39,ru,8,9,3.9,4.0,0,0.23
RES_1359,Статья: Все о Grammar Rules,Английский язык,Grammar Rules,3,article,8,kz,8,10,4.8,7.7,0,0.43
RES_1360,Упражнения по Кинематика,Физика,Кинематика,1,practice,23,ru,7,10,4.0,1.7,0,0.41
RES_1361,Упражнения по Законы Ньютона,Физика,Законы Ньютона,4,practice,13,ru,8,11,4.6,3.5,0,0.56
RES_1362,Теория: Vocabulary,Английский язык,Vocabulary,2,article,6,en,7,9,4.4,9.1,1,0.81
RES_1363,Практические задачи: Логарифмы,Математика,Логарифмы,5,practice,38,en,8,11,4.0,7.8,0,0.44
RES_1364,Проверь себя: Квадратные уравнения,Математика,Квадратные уравнения,3,quiz,29,en,8,9,4.7,2.6,0,0.29
RES_1365,Проверь себя: Древний мир,История,Древний мир,4,quiz,29,ru,9,11,3.7,5.9,1,0.48
RES_1366,Сборник задач Listening Practice,Английский язык,Listening Practice,2,practice,26,ru,7,10,4.5,4.7,0,0.95
RES_1367,Краткий обзор Listening Practice,Английский язык,Listening Practice,5,summary,41,ru,8,9,5.0,2.9,0,0.68
RES_1368,Теория: Геометрия,Математика,Геометрия,3,article,13,en,9,11,4.3,3.2,0,0.83
RES_1369,Тест: Listening Practice,Английский язык,Listening Practice,2,quiz,29,ru,9,12,4.2,3.0,1,0.4
RES_1370,Запоминаем Vocabulary,Английский язык,Vocabulary,5,flashcards,26,ru,9,10,4.0,4.3,1,0.46
RES_1371,Разбор темы Кинематика,Физика,Кинематика,1,video,10,ru,8,9,3.8,2.3,0,0.81
RES_1372,Краткий обзор История Казахстана,История,История Казахстана,3,summary,26,ru,8,9,4.1,6.4,1,0.45
RES_1373,Теория: Python основы,Информатика,Python основы,2,article,9,ru,7,8,3.7,6.5,1,0.73
RES_1374,Шпаргалка по Логарифмы,Математика,Логарифмы,2,article,3,en,7,8,4.9,5.0,1,0.63
RES_1375,Запоминаем Алгоритмы,Информатика,Алгоритмы,3,flashcards,30,ru,8,9,4.8,6.0,0,0.6
RES_1376,Интенсив по Кислоты и основания,Химия,Кислоты и основания,5,video,43,ru,8,11,4.4,4.6,1,0.63
RES_1377,Конспект: История Казахстана,История,История Казахстана,4,summary,27,en,8,11,4.3,8.6,0,0.5
RES_1378,Проверь себя: Vocabulary,Английский язык,Vocabulary,2,quiz,14,ru,7,8,4.0,1.4,0,0.21
RES_1379,Практические задачи: Геометрия,Математика,Геометрия,1,practice,36,ru,9,10,4.7,9.5,0,0.83
RES_1380,Теория: Органическая химия,Химия,Органическая химия,3,article,3,ru,7,10,4.0,2.8,0,0.91
RES_1381,Сборник задач Древний мир,История,Древний мир,1,practice,29,en,8,9,4.6,7.2,0,0.84
RES_1382,Упражнения по Логарифмы,Математика,Логарифмы,2,practice,15,en,9,12,4.9,3.7,0,0.42
RES_1383,Разбор темы Электричество,Физика,Электричество,2,video,15,ru,8,11,3.5,8.7,1,0.96
RES_1384,Шпаргалка по Геометрия,Математика,Геометрия,2,article,8,ru,7,10,3.9,7.4,0,0.92
RES_1385,Флэш-карточки: Listening Practice,Английский язык,Listening Practice,4,flashcards,21,ru,7,9,4.0,3.3,0,0.27
RES_1386,Флэш-карточки: Анатомия человека,Биология,Анатомия человека,4,flashcards,27,ru,7,9,4.6,1.5,0,0.55
RES_1387,Сборник задач Кислоты и основания,Химия,Кислоты и основания,4,practice,25,en,9,10,4.6,2.4,0,0.41
RES_1388,Запоминаем Генетика,Биология,Генетика,2,flashcards,40,ru,7,9,4.0,8.2,0,0.98
RES_1389,Сборник задач Генетика,Биология,Генетика,4,practice,23,ru,7,10,4.8,8.1,0,0.64
RES_1390,Краткий обзор Термодинамика,Физика,Термодинамика,3,summary,8,ru,7,9,3.6,9.9,0,0.99
RES_1391,Флэш-карточки: Таблица Менделеева,Химия,Таблица Менделеева,3,flashcards,35,ru,7,8,4.2,6.6,0,0.54
RES_1392,Разбор темы Анатомия человека,Биология,Анатомия человека,5,video,28,en,9,12,4.3,8.0,0,0.85
RES_1393,Интенсив по Tenses,Английский язык,Tenses,4,video,32,en,7,10,4.7,6.4,0,0.25
RES_1394,Квиз по теме Химические связи,Химия,Химические связи,3,quiz,16,ru,7,10,4.8,9.5,1,0.2
RES_1395,Упражнения по Python основы,Информатика,Python основы,4,practice,14,ru,7,8,3.8,6.6,1,0.37
RES_1396,Краткий обзор Вторая мировая война,История,Вторая мировая война,1,summary,31,en,8,11,4.0,5.3,1,0.47
RES_1397,Разбор темы Генетика,Биология,Генетика,1,video,6,ru,8,11,4.3,2.6,0,0.73
RES_1398,Конспект: Python основы,Информатика,Python основы,4,summary,43,ru,7,8,3.6,1.8,1,0.47
RES_1399,Запоминаем Электричество,Физика,Электричество,4,flashcards,18,en,7,9,5.0,6.4,0,0.87
RES_1400,Флэш-карточки: Генетика,Биология,Генетика,5,flashcards,9,ru,9,12,4.5,6.3,0,0.78
RES_1401,Флэш-карточки: Производные,Математика,Производные,4,flashcards,38,ru,7,8,4.8,6.8,0,0.44
RES_1402,Конспект: Органическая химия,Химия,Органическая химия,3,summary,27,en,7,10,4.8,8.4,1,0.64
RES_1403,Запоминаем Tenses,Английский язык,Tenses,5,flashcards,29,ru,7,10,4.2,2.2,0,0.86
RES_1404,Статья: Все о Сетевые технологии,Информатика,Сетевые технологии,2,article,5,en,9,11,4.0,3.8,0,0.74
RES_1405,Краткий обзор Сетевые технологии,Информатика,Сетевые технологии,3,summary,39,ru,7,10,3.7,6.2,0,0.84
RES_1406,Теория: Таблица Менделеева,Химия,Таблица Менделеева,3,article,14,en,7,10,4.0,5.4,1,0.39
RES_1407,Проверь себя: Анатомия человека,Биология,Анатомия человека,3,quiz,17,ru,8,11,3.6,1.5,0,0.67
RES_1408,Флэш-карточки: Listening Practice,Английский язык,Listening Practice,2,flashcards,15,ru,8,11,4.2,7.2,0,0.45
RES_1409,Интенсив по Электричество,Физика,Электричество,3,video,11,ru,8,11,4.2,2.7,1,0.65
RES_1410,Конспект: Кислоты и основания,Химия,Кислоты и основания,5,summary,29,en,7,8,4.0,9.7,1,0.94
RES_1411,Квиз по теме Vocabulary,Английский язык,Vocabulary,4,quiz,27,en,8,9,4.0,6.2,0,0.85
RES_1412,Разбор темы Древний мир,История,Древний мир,3,video,7,ru,8,9,4.0,4.6,0,0.91
RES_1413,Квиз по теме Таблица Менделеева,Химия,Таблица Менделеева,5,quiz,42,ru,8,10,4.1,7.6,0,0.36
RES_1414,Интенсив по Термодинамика,Физика,Термодинамика,5,video,31,ru,8,10,3.7,4.5,0,0.79
RES_1415,Тест: Таблица Менделеева,Химия,Таблица Менделеева,2,quiz,39,ru,7,8,3.9,3.7,0,0.74
RES_1416,Тест: Алгоритмы,Информатика,Алгоритмы,3,quiz,35,ru,9,12,3.6,9.5,1,0.67
RES_1417,Запоминаем Генетика,Биология,Генетика,3,flashcards,40,en,8,10,3.9,9.5,0,0.9
RES_1418,Краткий обзор Vocabulary,Английский язык,Vocabulary,4,summary,41,ru,8,11,5.0,1.1,1,0.32
RES_1419,Флэш-карточки: Генетика,Биология,Генетика,1,flashcards,16,en,8,9,3.9,2.2,0,0.72
RES_1420,Запоминаем Средние века,История,Средние века,3,flashcards,22,ru,9,12,3.8,5.0,0,0.86
RES_1421,Тест: Зоология,Биология,Зоология,2,quiz,6,en,7,9,4.4,8.1,0,0.53
RES_1422,Сборник задач Vocabulary,Английский язык,Vocabulary,1,practice,26,ru,7,9,4.4,7.9,0,0.38
RES_1423,Конспект: Vocabulary,Английский язык,Vocabulary,3,summary,32,ru,9,11,4.4,4.5,1,0.96
RES_1424,Квиз по теме Химические связи,Химия,Химические связи,4,quiz,7,ru,9,10,4.4,6.1,1,0.65
RES_1425,Интенсив по История Казахстана,История,История Казахстана,2,video,28,ru,7,9,4.2,4.0,0,0.56
RES_1426,Тест: Квадратные уравнения,Математика,Квадратные уравнения,1,quiz,18,ru,8,10,4.0,9.9,1,0.96
RES_1427,Теория: Кинематика,Физика,Кинематика,4,article,14,ru,8,11,3.6,4.0,1,0.53
RES_1428,Разбор темы Анатомия человека,Биология,Анатомия человека,1,video,30,ru,8,11,4.6,3.8,0,0.39
RES_1429,Запоминаем Геометрия,Математика,Геометрия,2,flashcards,16,ru,8,10,3.9,4.1,1,0.99
RES_1430,Запоминаем Вторая мировая война,История,Вторая мировая война,5,flashcards,26,ru,7,8,4.7,4.0,1,0.54
RES_1431,Шпаргалка по Органическая химия,Химия,Органическая химия,4,article,3,kz,7,9,4.8,6.9,0,0.74
RES_1432,Упражнения по Базы данных,Информатика,Базы данных,4,practice,12,ru,9,10,4.9,8.9,1,0.99
RES_1433,Шпаргалка по Логарифмы,Математика,Логарифмы,5,article,9,ru,9,11,4.5,2.8,0,0.38
RES_1434,Теория: Кислоты и основания,Химия,Кислоты и основания,2,article,13,ru,9,11,4.4,8.2,1,0.69
RES_1435,Практические задачи: История Казахстана,История,История Казахстана,5,practice,6,ru,7,8,3.5,5.5,0,0.79
RES_1436,Запоминаем Древний мир,История,Древний мир,3,flashcards,39,ru,9,10,3.5,7.4,0,0.3
RES_1437,Видео-урок: Таблица Менделеева,Химия,Таблица Менделеева,5,video,38,en,7,9,4.4,8.3,0,0.8
RES_1438,Разбор темы Органическая химия,Химия,Органическая химия,3,video,20,ru,7,9,3.9,3.8,0,0.67
RES_1439,Шпаргалка по Законы Ньютона,Физика,Законы Ньютона,2,article,11,ru,8,10,3.9,4.6,1,0.21
RES_1440,Видео-урок: Grammar Rules,Английский язык,Grammar Rules,1,video,20,ru,8,9,4.3,7.4,1,0.85
RES_1441,Конспект: Vocabulary,Английский язык,Vocabulary,4,summary,14,ru,8,9,3.7,6.7,0,0.25
RES_1442,Шпаргалка по Алгоритмы,Информатика,Алгоритмы,5,article,6,ru,7,9,4.5,3.2,1,0.81
RES_1443,Конспект: Электричество,Физика,Электричество,5,summary,9,en,8,10,4.5,9.7,0,0.3
RES_1444,Краткий обзор Законы Ньютона,Физика,Законы Ньютона,4,summary,10,ru,8,11,3.7,2.9,0,0.71
RES_1445,Сборник задач Базы данных,Информатика,Базы данных,1,practice,39,en,9,10,3.8,9.6,0,0.47
RES_1446,Квиз по теме Логарифмы,Математика,Логарифмы,2,quiz,17,en,7,10,4.7,3.5,1,0.28
RES_1447,Флэш-карточки: Алгоритмы,Информатика,Алгоритмы,1,flashcards,30,ru,8,11,4.0,1.6,0,0.2
RES_1448,Краткий обзор Таблица Менделеева,Химия,Таблица Менделеева,3,summary,11,ru,9,11,4.6,7.7,1,0.4
RES_1449,Флэш-карточки: Кислоты и основания,Химия,Кислоты и основания,3,flashcards,20,en,7,10,4.1,2.5,1,0.64
RES_1450,Конспект: Электричество,Физика,Электричество,3,summary,39,en,9,10,5.0,9.4,1,0.52
RES_1451,Конспект: Базы данных,Информатика,Базы данных,1,summary,18,ru,9,11,3.6,4.1,1,0.39
RES_1452,Флэш-карточки: Listening Practice,Английский язык,Listening Practice,5,flashcards,28,kz,7,9,4.4,10.0,1,0.38
RES_1453,Флэш-карточки: Электричество,Физика,Электричество,5,flashcards,11,en,8,10,4.3,5.6,0,0.99
RES_1454,Видео-урок: Python основы,Информатика,Python основы,1,video,24,ru,8,9,4.7,2.8,1,0.72
RES_1455,Разбор темы Логарифмы,Математика,Логарифмы,2,video,38,en,7,10,4.0,8.6,0,0.2
RES_1456,Краткий обзор Органическая химия,Химия,Органическая химия,1,summary,6,ru,7,9,4.9,8.6,1,0.33
RES_1457,Флэш-карточки: Базы данных,Информатика,Базы данных,2,flashcards,37,en,9,10,4.0,3.2,0,0.8
RES_1458,Тест: Геометрия,Математика,Геометрия,4,quiz,20,ru,8,10,4.6,3.5,1,0.26
RES_1459,Видео-урок: Алгоритмы,Информатика,Алгоритмы,3,video,21,en,9,10,4.8,1.1,1,0.57
RES_1460,Проверь себя: Кислоты и основания,Химия,Кислоты и основания,2,quiz,33,en,7,9,4.0,1.1,0,0.39
RES_1461,Сборник задач Таблица Менделеева,Химия,Таблица Менделеева,1,practice,28,ru,8,9,3.8,4.9,0,0.38
RES_1462,Краткий обзор Python основы,Информатика,Python основы,3,summary,38,en,8,9,4.0,7.4,1,0.45
RES_1463,Запоминаем Tenses,Английский язык,Tenses,3,flashcards,38,kz,9,12,3.8,8.4,0,0.26
RES_1464,Статья: Все о Органическая химия,Химия,Органическая химия,5,article,8,ru,9,10,4.3,7.9,1,0.93
RES_1465,Практические задачи: Логарифмы,Математика,Логарифмы,4,practice,8,en,9,11,4.2,6.3,1,0.36
RES_1466,Упражнения по Производные,Математика,Производные,1,practice,10,en,7,9,3.8,2.7,1,0.37
RES_1467,Теория: Grammar Rules,Английский язык,Grammar Rules,1,article,9,ru,9,10,4.9,2.3,1,0.29
RES_1468,Флэш-карточки: Vocabulary,Английский язык,Vocabulary,2,flashcards,7,ru,9,12,3.7,9.4,1,0.91
RES_1469,Шпаргалка по Vocabulary,Английский язык,Vocabulary,1,article,6,ru,7,8,4.0,2.3,0,0.85
RES_1470,Видео-урок: Сетевые технологии,Информатика,Сетевые технологии,2,video,16,ru,9,12,4.5,4.3,1,0.36
RES_1471,Проверь себя: Базы данных,Информатика,Базы данных,2,quiz,11,ru,9,11,3.8,4.7,0,0.66
RES_1472,Видео-урок: Таблица Менделеева,Химия,Таблица Менделеева,3,video,28,ru,7,9,3.9,1.8,1,0.2
RES_1473,Запоминаем Геометрия,Математика,Геометрия,1,flashcards,34,ru,7,8,4.6,5.9,1,0.64
RES_1474,Проверь себя: История Казахстана,История,История Казахстана,4,quiz,22,ru,7,8,4.8,2.0,0,0.6
RES_1475,Практические задачи: Listening Practice,Английский язык,Listening Practice,5,practice,19,ru,9,12,4.8,1.8,0,0.75
RES_1476,Разбор темы Сетевые технологии,Информатика,Сетевые технологии,5,video,37,kz,9,11,4.4,7.9,1,0.47
RES_1477,Квиз по теме Органическая химия,Химия,Органическая химия,4,quiz,11,ru,7,9,4.3,1.4,1,0.56
RES_1478,Запоминаем Тригонометрия,Математика,Тригонометрия,2,flashcards,32,ru,7,10,4.2,7.0,0,0.29
RES_1479,Разбор темы Базы данных,Информатика,Базы данных,1,video,7,kz,7,10,4.6,9.6,0,0.58
RES_1480,Практические задачи: Генетика,Биология,Генетика,5,practice,38,ru,8,10,4.3,4.9,0,0.22
RES_1481,Конспект: Listening Practice,Английский язык,Listening Practice,1,summary,24,en,8,10,4.9,5.4,1,0.88
RES_1482,Теория: Сетевые технологии,Информатика,Сетевые технологии,4,article,8,ru,7,9,3.8,2.0,1,0.69
RES_1483,Теория: Древний мир,История,Древний мир,4,article,13,ru,9,10,4.0,7.1,0,0.86
RES_1484,Конспект: Древний мир,История,Древний мир,1,summary,33,ru,9,12,4.3,7.7,1,0.76
RES_1485,Шпаргалка по Кинематика,Физика,Кинематика,2,article,4,ru,8,11,4.6,2.1,0,0.63
RES_1486,Упражнения по Зоология,Биология,Зоология,5,practice,25,ru,8,10,5.0,7.5,1,0.81
RES_1487,Шпаргалка по Кинематика,Физика,Кинематика,1,article,4,ru,9,10,4.0,5.7,0,0.84
RES_1488,Тест: Клеточное деление,Биология,Клеточное деление,2,quiz,25,ru,7,9,3.6,9.0,0,0.43
RES_1489,Упражнения по Кинематика,Физика,Кинематика,4,practice,10,ru,8,11,4.6,5.4,0,0.98
RES_1490,Разбор темы Алгоритмы,Информатика,Алгоритмы,1,video,32,ru,9,11,4.8,3.2,0,0.6
RES_1491,Проверь себя: Генетика,Биология,Генетика,1,quiz,38,ru,9,12,4.1,4.4,1,0.64
RES_1492,Проверь себя: Производные,Математика,Производные,1,quiz,24,ru,7,9,4.4,6.1,0,0.45
RES_1493,Практические задачи: Вторая мировая война,История,Вторая мировая война,2,practice,15,en,9,10,4.3,5.6,0,0.61
RES_1494,Тест: Оптика,Физика,Оптика,3,quiz,20,ru,8,11,4.9,1.5,0,0.93
RES_1495,Запоминаем Вторая мировая война,История,Вторая мировая война,5,flashcards,7,en,9,10,4.3,5.6,0,0.21
RES_1496,Конспект: Генетика,Биология,Генетика,4,summary,41,ru,8,11,4.8,4.1,0,0.8
RES_1497,Конспект: Производные,Математика,Производные,3,summary,19,ru,8,9,4.9,7.8,1,0.44
RES_1498,Флэш-карточки: Клеточное деление,Биология,Клеточное деление,4,flashcards,41,kz,9,11,4.2,3.3,0,0.88
RES_1499,Теория: Древний мир,История,Древний мир,5,article,7,ru,9,12,3.5,4.4,0,0.23
RES_1500,Краткий обзор Геометрия,Математика,Геометрия,4,summary,9,kz,8,11,3.8,5.0,0,0.85
RES_1501,Запоминаем Таблица Менделеева,Химия,Таблица Менделеева,5,flashcards,12,kz,7,10,5.0,1.3,0,0.45
RES_1502,Флэш-карточки: Древний мир,История,Древний мир,2,flashcards,22,ru,8,11,4.0,4.6,0,0.7
RES_1503,Краткий обзор Производные,Математика,Производные,3,summary,38,en,9,11,4.1,6.5,0,0.79
RES_1504,Практические задачи: Электричество,Физика,Электричество,2,practice,43,ru,8,9,3.7,9.6,1,0.66
RES_1505,Тест: Базы данных,Информатика,Базы данных,4,quiz,13,ru,7,10,3.9,9.4,0,0.84
RES_1506,Шпаргалка по Listening Practice,Английский язык,Listening Practice,2,article,14,ru,9,10,4.3,7.5,0,0.95
RES_1507,Запоминаем Сетевые технологии,Информатика,Сетевые технологии,3,flashcards,26,en,8,9,5.0,4.8,0,0.22
RES_1508,Сборник задач Зоология,Биология,Зоология,2,practice,24,ru,9,11,5.0,5.6,0,0.58
RES_1509,Флэш-карточки: Древний мир,История,Древний мир,2,flashcards,40,ru,8,10,4.7,5.2,0,0.33
RES_1510,Проверь себя: Зоология,Биология,Зоология,5,quiz,36,ru,9,11,3.8,9.0,0,0.77
RES_1511,Статья: Все о Анатомия человека,Биология,Анатомия человека,1,article,7,en,7,10,3.6,1.4,0,0.35
RES_1512,Флэш-карточки: Клеточное деление,Биология,Клеточное деление,3,flashcards,17,en,8,9,4.8,4.9,0,0.58
RES_1513,Интенсив по Законы Ньютона,Физика,Законы Ньютона,2,video,32,kz,9,10,4.9,5.6,0,0.42
RES_1514,Краткий обзор Клеточное деление,Биология,Клеточное деление,1,summary,37,kz,7,10,3.6,6.2,0,0.32
RES_1515,Флэш-карточки: Tenses,Английский язык,Tenses,4,flashcards,25,ru,7,9,4.6,4.5,0,0.48
RES_1516,Краткий обзор Квадратные уравнения,Математика,Квадратные уравнения,3,summary,24,en,9,12,3.5,5.8,1,0.8
RES_1517,Тест: Древний мир,История,Древний мир,3,quiz,43,ru,9,10,3.8,9.8,1,0.6
RES_1518,Сборник задач История Казахстана,История,История Казахстана,5,practice,23,ru,8,10,4.1,7.9,0,0.51
RES_1519,Практические задачи: Grammar Rules,Английский язык,Grammar Rules,4,practice,26,en,7,10,4.0,7.3,0,0.8
RES_1520,Теория: Оптика,Физика,Оптика,4,article,13,en,8,10,4.5,8.9,0,0.56
RES_1521,Квиз по теме Vocabulary,Английский язык,Vocabulary,4,quiz,13,en,8,10,3.9,9.7,1,0.4
RES_1522,Сборник задач Генетика,Биология,Генетика,4,practice,18,ru,7,9,3.9,7.6,0,0.24
RES_1523,Интенсив по Квадратные уравнения,Математика,Квадратные уравнения,4,video,42,en,8,9,4.3,8.0,0,0.71
RES_1524,Флэш-карточки: Геометрия,Математика,Геометрия,3,flashcards,43,ru,9,12,3.6,6.4,1,0.37
RES_1525,Запоминаем Зоология,Биология,Зоология,2,flashcards,36,ru,7,9,3.7,9.6,0,0.36
RES_1526,Проверь себя: Производные,Математика,Производные,1,quiz,9,en,8,11,3.5,5.6,0,0.89
RES_1527,Статья: Все о Кислоты и основания,Химия,Кислоты и основания,5,article,10,ru,8,11,4.7,8.7,1,0.49
RES_1528,Интенсив по Геометрия,Математика,Геометрия,1,video,17,ru,7,9,4.0,7.2,1,0.44
RES_1529,Теория: Listening Practice,Английский язык,Listening Practice,4,article,9,ru,7,10,3.7,6.1,0,0.57
RES_1530,Шпаргалка по Производные,Математика,Производные,5,article,9,ru,8,11,4.3,7.4,0,0.22
RES_1531,Краткий обзор Древний мир,История,Древний мир,1,summary,38,ru,9,10,4.2,2.2,1,0.89
RES_1532,Теория: Древний мир,История,Древний мир,2,article,14,ru,8,9,4.2,7.9,0,0.85
RES_1533,Проверь себя: Древний мир,История,Древний мир,5,quiz,35,ru,7,9,3.9,4.9,1,0.38
RES_1534,Теория: Python основы,Информатика,Python основы,4,article,11,ru,8,10,4.9,4.9,0,0.79
RES_1535,Запоминаем Древний мир,История,Древний мир,5,flashcards,11,ru,9,11,3.9,4.5,1,0.69
RES_1536,Квиз по теме Grammar Rules,Английский язык,Grammar Rules,3,quiz,43,kz,7,8,3.9,3.5,1,0.22
RES_1537,Статья: Все о Оптика,Физика,Оптика,5,article,8,kz,9,12,3.6,8.4,1,0.72
RES_1538,Сборник задач Кислоты и основания,Химия,Кислоты и основания,1,practice,42,ru,7,10,3.8,1.9,0,0.67
RES_1539,Разбор темы Кинематика,Физика,Кинематика,2,video,35,ru,8,9,4.0,5.7,0,0.98
RES_1540,Тест: Логарифмы,Математика,Логарифмы,2,quiz,30,en,7,8,3.9,3.8,0,0.72
RES_1541,Шпаргалка по Производные,Математика,Производные,5,article,7,en,9,12,4.6,5.5,0,0.31
RES_1542,Видео-урок: Логарифмы,Математика,Логарифмы,5,video,25,en,9,11,3.6,8.6,0,0.47
RES_1543,Тест: Тригонометрия,Математика,Тригонометрия,4,quiz,41,ru,7,9,4.4,8.6,0,0.24
RES_1544,Флэш-карточки: Базы данных,Информатика,Базы данных,1,flashcards,31,ru,7,8,3.5,7.6,1,0.66
RES_1545,Краткий обзор Tenses,Английский язык,Tenses,2,summary,6,ru,7,10,4.8,9.7,1,0.35
RES_1546,Теория: Алгоритмы,Информатика,Алгоритмы,5,article,7,en,8,10,4.6,8.5,0,0.8
RES_1547,Практические задачи: Grammar Rules,Английский язык,Grammar Rules,1,practice,5,ru,7,10,4.9,2.9,1,0.82
RES_1548,Практические задачи: Сетевые технологии,Информатика,Сетевые технологии,2,practice,28,ru,7,8,4.6,5.5,1,0.32
RES_1549,Флэш-карточки: Логарифмы,Математика,Логарифмы,1,flashcards,5,en,8,11,4.0,5.0,0,0.99
RES_1550,Разбор темы Термодинамика,Физика,Термодинамика,2,video,43,kz,9,12,3.9,9.1,0,0.73
RES_1551,Упражнения по Геометрия,Математика,Геометрия,5,practice,39,ru,7,8,3.6,2.3,0,0.54
RES_1552,Теория: Производные,Математика,Производные,3,article,7,ru,7,8,3.6,3.1,0,0.3
RES_1553,Краткий обзор Термодинамика,Физика,Термодинамика,4,summary,43,ru,9,12,3.8,4.9,0,0.31
RES_1554,Видео-урок: Vocabulary,Английский язык,Vocabulary,2,video,37,kz,8,10,4.5,3.2,1,0.29
RES_1555,Краткий обзор Кислоты и основания,Химия,Кислоты и основания,4,summary,18,ru,7,10,4.0,7.9,1,0.95
RES_1556,Краткий обзор Производные,Математика,Производные,1,summary,40,ru,7,8,3.9,9.2,1,0.78
RES_1557,Тест: Vocabulary,Английский язык,Vocabulary,5,quiz,43,ru,8,10,4.5,4.6,0,0.29
RES_1558,Проверь себя: Вторая мировая война,История,Вторая мировая война,4,quiz,42,ru,8,9,4.1,7.1,0,0.27
RES_1559,Краткий обзор Электричество,Физика,Электричество,5,summary,13,ru,9,10,4.6,5.7,0,0.83
RES_1560,Краткий обзор Законы Ньютона,Физика,Законы Ньютона,1,summary,7,ru,8,10,4.1,2.5,1,0.86
RES_1561,Краткий обзор Тригонометрия,Математика,Тригонометрия,1,summary,6,ru,9,12,4.0,5.3,0,0.69
RES_1562,Разбор темы Кислоты и основания,Химия,Кислоты и основания,5,video,10,ru,8,11,3.9,1.3,1,0.89
RES_1563,Упражнения по Базы данных,Информатика,Базы данных,1,practice,40,ru,8,9,4.4,4.8,0,0.27
RES_1564,Флэш-карточки: Сетевые технологии,Информатика,Сетевые технологии,3,flashcards,34,ru,8,10,3.7,9.6,1,0.89
RES_1565,Шпаргалка по Древний мир,История,Древний мир,3,article,5,ru,8,11,3.5,4.8,1,0.55
RES_1566,Тест: Органическая химия,Химия,Органическая химия,2,quiz,30,ru,7,8,4.6,1.3,0,0.24
RES_1567,Краткий обзор Термодинамика,Физика,Термодинамика,2,summary,37,ru,7,10,4.2,6.1,1,0.84
RES_1568,Квиз по теме Python основы,Информатика,Python основы,1,quiz,33,ru,8,9,4.7,5.2,0,0.95
RES_1569,Шпаргалка по Python основы,Информатика,Python основы,2,article,7,ru,7,8,4.7,3.0,0,0.53
RES_1570,Теория: Вторая мировая война,История,Вторая мировая война,2,article,5,ru,9,11,5.0,7.0,0,0.67
RES_1571,Видео-урок: Таблица Менделеева,Химия,Таблица Менделеева,3,video,34,ru,9,10,5.0,1.0,0,0.28
RES_1572,Конспект: Тригонометрия,Математика,Тригонометрия,3,summary,33,ru,8,11,3.9,4.7,0,0.22
RES_1573,Теория: Законы Ньютона,Физика,Законы Ньютона,2,article,5,ru,8,11,5.0,6.9,1,0.23
RES_1574,Запоминаем Древний мир,История,Древний мир,2,flashcards,27,ru,7,9,3.7,8.6,0,0.62
RES_1575,Практические задачи: Анатомия человека,Биология,Анатомия человека,1,practice,44,ru,9,12,3.8,8.3,0,0.63
RES_1576,Конспект: Vocabulary,Английский язык,Vocabulary,5,summary,39,ru,9,10,4.1,9.7,0,0.52
RES_1577,Сборник задач Химические связи,Химия,Химические связи,3,practice,6,en,9,10,3.5,1.4,0,0.47
RES_1578,Конспект: Клеточное деление,Биология,Клеточное деление,4,summary,42,ru,9,10,3.7,7.9,0,0.46
RES_1579,Интенсив по Органическая химия,Химия,Органическая химия,5,video,16,ru,7,10,3.6,6.8,1,0.67
RES_1580,Интенсив по Tenses,Английский язык,Tenses,3,video,9,ru,7,10,4.6,2.2,0,0.64
RES_1581,Практические задачи: Электричество,Физика,Электричество,5,practice,29,ru,8,11,3.6,3.4,1,0.3
RES_1582,Краткий обзор Термодинамика,Физика,Термодинамика,3,summary,40,ru,8,11,3.9,3.9,1,0.84
RES_1583,Тест: Электричество,Физика,Электричество,4,quiz,30,en,9,12,4.6,2.0,0,0.85
RES_1584,Статья: Все о Квадратные уравнения,Математика,Квадратные уравнения,2,article,6,ru,8,9,4.7,4.1,1,0.47
RES_1585,Видео-урок: Тригонометрия,Математика,Тригонометрия,5,video,23,ru,8,9,4.7,5.4,0,0.29
RES_1586,Шпаргалка по Кинематика,Физика,Кинематика,2,article,3,ru,7,8,4.0,5.9,0,0.49
RES_1587,Квиз по теме Производные,Математика,Производные,4,quiz,10,ru,7,8,4.6,2.9,1,0.22
RES_1588,Флэш-карточки: Химические связи,Химия,Химические связи,1,flashcards,41,ru,9,10,4.6,1.5,1,0.36
RES_1589,Флэш-карточки: Базы данных,Информатика,Базы данных,2,flashcards,35,ru,9,12,3.9,5.7,0,0.3
RES_1590,Флэш-карточки: Древний мир,История,Древний мир,1,flashcards,22,kz,9,11,4.2,5.1,0,0.78
RES_1591,Флэш-карточки: Базы данных,Информатика,Базы данных,4,flashcards,15,en,9,12,4.7,5.6,0,0.32
RES_1592,Конспект: Listening Practice,Английский язык,Listening Practice,5,summary,30,ru,8,11,4.4,6.7,1,0.29
RES_1593,Шпаргалка по Таблица Менделеева,Химия,Таблица Менделеева,4,article,10,en,8,11,4.7,2.5,0,0.59
RES_1594,Шпаргалка по Органическая химия,Химия,Органическая химия,4,article,9,ru,9,10,3.8,1.3,1,0.78
RES_1595,Флэш-карточки: Химические связи,Химия,Химические связи,4,flashcards,17,en,8,11,3.6,5.1,0,0.65
RES_1596,Тест: Вторая мировая война,История,Вторая мировая война,3,quiz,35,ru,7,8,4.3,6.1,0,0.36
RES_1597,Интенсив по Кинематика,Физика,Кинематика,4,video,21,ru,8,10,4.0,1.8,0,0.27
RES_1598,Теория: Python основы,Информатика,Python основы,1,article,13,ru,8,9,4.6,4.6,1,0.72
RES_1599,Краткий обзор Химические связи,Химия,Химические связи,4,summary,18,ru,9,11,3.6,5.5,0,0.52
RES_1600,Конспект: Химические связи,Химия,Химические связи,1,summary,12,ru,8,10,4.1,2.4,1,0.77
RES_1601,Флэш-карточки: Зоология,Биология,Зоология,4,flashcards,42,kz,9,11,4.7,4.5,0,0.93
RES_1602,Проверь себя: Химические связи,Химия,Химические связи,4,quiz,44,en,9,12,4.8,9.3,0,0.64
RES_1603,Теория: Законы Ньютона,Физика,Законы Ньютона,1,article,11,en,7,9,3.6,5.2,0,0.47
RES_1604,Шпаргалка по Электричество,Физика,Электричество,4,article,3,en,7,10,4.2,5.7,0,0.57
RES_1605,Запоминаем Электричество,Физика,Электричество,3,flashcards,34,ru,9,10,4.5,5.1,1,0.97
RES_1606,Практические задачи: Вторая мировая война,История,Вторая мировая война,4,practice,23,ru,9,10,3.6,4.5,0,0.31
RES_1607,Проверь себя: Квадратные уравнения,Математика,Квадратные уравнения,1,quiz,11,en,9,12,5.0,7.3,0,0.74
RES_1608,Проверь себя: Сетевые технологии,Информатика,Сетевые технологии,3,quiz,39,en,9,12,4.1,5.0,0,0.49
RES_1609,Видео-урок: Grammar Rules,Английский язык,Grammar Rules,4,video,13,ru,8,9,3.8,6.1,0,0.27
RES_1610,Статья: Все о Сетевые технологии,Информатика,Сетевые технологии,5,article,10,ru,7,8,4.9,4.7,0,0.24
RES_1611,Теория: Квадратные уравнения,Математика,Квадратные уравнения,4,article,12,ru,9,10,3.7,4.7,1,0.92
RES_1612,Статья: Все о Анатомия человека,Биология,Анатомия человека,4,article,13,en,9,11,4.7,8.8,0,0.76
RES_1613,Шпаргалка по Кинематика,Физика,Кинематика,4,article,9,en,9,12,4.2,5.0,1,0.94
RES_1614,Практические задачи: Древний мир,История,Древний мир,4,practice,17,ru,7,9,3.9,8.2,1,0.6
RES_1615,Тест: Геометрия,Математика,Геометрия,1,quiz,31,ru,9,11,4.6,6.2,1,0.24
RES_1616,Краткий обзор Алгоритмы,Информатика,Алгоритмы,3,summary,39,en,7,10,4.6,5.6,1,0.41
RES_1617,Запоминаем Vocabulary,Английский язык,Vocabulary,1,flashcards,21,kz,9,10,3.9,5.5,0,0.55
RES_1618,Интенсив по Кинематика,Физика,Кинематика,5,video,20,en,8,9,4.0,3.8,0,0.95
RES_1619,Сборник задач Электричество,Физика,Электричество,1,practice,43,ru,9,10,4.1,9.2,1,0.6
RES_1620,Шпаргалка по Электричество,Физика,Электричество,2,article,11,ru,8,10,4.9,7.9,0,0.67
RES_1621,Теория: Базы данных,Информатика,Базы данных,1,article,13,ru,7,9,4.1,9.6,1,0.77
RES_1622,Шпаргалка по Сетевые технологии,Информатика,Сетевые технологии,5,article,13,ru,8,10,4.1,3.6,1,0.24
RES_1623,Запоминаем Законы Ньютона,Физика,Законы Ньютона,1,flashcards,42,ru,7,10,5.0,7.2,1,0.96
RES_1624,Тест: Химические связи,Химия,Химические связи,4,quiz,40,en,9,12,3.8,5.0,1,0.64
RES_1625,Практические задачи: Vocabulary,Английский язык,Vocabulary,1,practice,44,ru,8,9,4.2,6.6,0,0.36
RES_1626,Шпаргалка по Электричество,Физика,Электричество,1,article,12,en,7,8,3.9,4.5,0,0.91
RES_1627,Тест: Tenses,Английский язык,Tenses,5,quiz,37,kz,8,11,4.8,1.3,1,0.43
RES_1628,Конспект: Клеточное деление,Биология,Клеточное деление,3,summary,43,ru,8,9,4.8,1.3,0,0.88
RES_1629,Квиз по теме Алгоритмы,Информатика,Алгоритмы,1,quiz,43,ru,9,11,4.2,9.6,1,0.93
RES_1630,Сборник задач Средние века,История,Средние века,5,practice,15,kz,7,9,3.5,1.7,0,0.74
RES_1631,Квиз по теме Древний мир,История,Древний мир,4,quiz,41,ru,8,10,4.3,9.8,1,0.74
RES_1632,Квиз по теме Python основы,Информатика,Python основы,1,quiz,41,ru,7,8,3.5,7.8,1,0.49
RES_1633,Краткий обзор Vocabulary,Английский язык,Vocabulary,5,summary,21,ru,8,9,3.8,6.2,0,0.48
RES_1634,Краткий обзор Клеточное деление,Биология,Клеточное деление,5,summary,30,ru,9,10,3.5,1.7,1,0.26
RES_1635,Практические задачи: Сетевые технологии,Информатика,Сетевые технологии,4,practice,23,kz,9,10,4.6,1.8,1,0.53
RES_1636,Видео-урок: Органическая химия,Химия,Органическая химия,2,video,18,ru,7,10,4.1,8.7,1,0.42
RES_1637,Практические задачи: Сетевые технологии,Информатика,Сетевые технологии,3,practice,25,ru,7,8,4.0,8.3,0,0.29
RES_1638,Запоминаем Химические связи,Химия,Химические связи,4,flashcards,27,ru,9,12,4.4,1.5,1,0.62
RES_1639,Конспект: Квадратные уравнения,Математика,Квадратные уравнения,2,summary,10,ru,9,11,4.3,8.4,0,0.85
RES_1640,Проверь себя: Химические связи,Химия,Химические связи,3,quiz,17,ru,9,10,4.5,4.0,1,0.67
RES_1641,Упражнения по Тригонометрия,Математика,Тригонометрия,3,practice,10,en,9,12,3.9,4.7,1,0.92
RES_1642,Проверь себя: Tenses,Английский язык,Tenses,2,quiz,28,ru,8,9,4.4,5.7,0,0.25
RES_1643,Разбор темы Древний мир,История,Древний мир,1,video,25,en,9,11,4.8,7.8,0,0.8
RES_1644,Запоминаем Законы Ньютона,Физика,Законы Ньютона,1,flashcards,15,ru,8,9,3.7,8.7,1,0.4
RES_1645,Запоминаем Термодинамика,Физика,Термодинамика,1,flashcards,39,ru,7,10,4.5,1.1,0,0.48
RES_1646,Упражнения по Кислоты и основания,Химия,Кислоты и основания,3,practice,16,ru,8,10,4.7,6.1,1,0.73
RES_1647,Проверь себя: Вторая мировая война,История,Вторая мировая война,1,quiz,11,ru,8,11,4.0,5.1,1,0.94
RES_1648,Практические задачи: Древний мир,История,Древний мир,4,practice,26,ru,7,8,3.7,1.1,0,0.76
RES_1649,Краткий обзор Listening Practice,Английский язык,Listening Practice,1,summary,43,en,9,10,4.1,6.4,0,0.47
